season_week,season,week,n,k,edr,rank_elim,pct_elim,fanfavor_elim_rank,fanfavor_elim_percentage,rank_hits,pct_hits
10_2,10,2,11,1,0,['Buzz Aldrin_Ashly DelGrosso_10'],['Buzz Aldrin_Ashly DelGrosso_10'],0.1,0.1,0,0
10_3,10,3,10,1,0,['Buzz Aldrin_Ashly DelGrosso_10'],['Buzz Aldrin_Ashly DelGrosso_10'],0.0,0.0,1,1
10_4,10,4,9,1,1,['Aiden Turner_Edyta Sliwinska_10'],['Kate Gosselin_Tony Dovolani_10'],-0.125,0.125,1,0
10_5,10,5,8,1,0,['Kate Gosselin_Tony Dovolani_10'],['Kate Gosselin_Tony Dovolani_10'],0.0,0.0,1,1
10_7,10,7,6,1,0,['Niecy Nash_Louis van Amstel_10'],['Niecy Nash_Louis van Amstel_10'],0.0,0.0,0,0
10_8,10,8,5,1,0,['Niecy Nash_Louis van Amstel_10'],['Niecy Nash_Louis van Amstel_10'],0.0,0.0,1,1
10_9,10,9,4,1,0,['Chad Ochocinco_Cheryl Burke_10'],['Chad Ochocinco_Cheryl Burke_10'],0.0,0.0,1,1
11_1,11,1,12,1,0,['David Hasselhoff_Kym Johnson_11'],['David Hasselhoff_Kym Johnson_11'],-0.18181818181818182,-0.18181818181818182,1,1
11_2,11,2,11,1,0,['Michael Bolton_Chelsie Hightower_11'],['Michael Bolton_Chelsie Hightower_11'],0.0,0.0,1,1
11_3,11,3,10,1,0,['Margaret Cho_Louis van Amstel_11'],['Margaret Cho_Louis van Amstel_11'],0.0,0.0,1,1
11_4,11,4,9,1,0,['The Situation_Karina Smirnoff_11'],['The Situation_Karina Smirnoff_11'],0.125,0.125,1,1
11_5,11,5,8,1,0,['Florence Henderson_Corky Ballas_11'],['Florence Henderson_Corky Ballas_11'],-0.2857142857142857,-0.2857142857142857,1,1
11_6,11,6,7,1,1,['Kurt Warner_Anna Trebunskaya_11'],['Audrina Patridge_Tony Dovolani_11'],0.3333333333333333,-0.8333333333333334,0,1
11_7,11,7,6,1,0,['Rick Fox_Cheryl Burke_11'],['Rick Fox_Cheryl Burke_11'],-0.4,-0.4,1,1
11_8,11,8,5,1,0,['Kurt Warner_Anna Trebunskaya_11'],['Kurt Warner_Anna Trebunskaya_11'],-0.25,-0.25,1,1
11_9,11,9,4,1,0,['Brandy_Maksim Chmerkoskiy_11'],['Brandy_Maksim Chmerkoskiy_11'],-0.3333333333333333,-0.3333333333333333,1,1
12_2,12,2,11,1,0,['Mike Catherwood_Lacey Schwimmer_12'],['Mike Catherwood_Lacey Schwimmer_12'],-0.2,-0.2,1,1
12_3,12,3,10,1,0,['Wendy Williams_Tony Dovolani_12'],['Wendy Williams_Tony Dovolani_12'],0.0,0.0,1,1
12_4,12,4,9,1,0,['Sugar Ray Leonard_Anna Trebunskaya_12'],['Sugar Ray Leonard_Anna Trebunskaya_12'],-0.125,-0.125,1,1
12_5,12,5,8,1,0,['Kendra Wilkinson_Louis van Amstel_12'],['Kendra Wilkinson_Louis van Amstel_12'],-0.2857142857142857,-0.2857142857142857,0,0
12_6,12,6,7,1,0,['Chris Jericho_Cheryl Burke_12'],['Chris Jericho_Cheryl Burke_12'],0.16666666666666666,0.16666666666666666,1,1
12_7,12,7,6,1,0,['Kendra Wilkinson_Louis van Amstel_12'],['Kendra Wilkinson_Louis van Amstel_12'],-0.4,-0.4,1,1
12_8,12,8,5,1,0,['Romeo_Chelsie Hightower_12'],['Romeo_Chelsie Hightower_12'],-0.25,-0.25,1,1
12_9,12,9,4,1,0,['Ralph Macchio_Karina Smirnoff_12'],['Ralph Macchio_Karina Smirnoff_12'],0.0,0.0,1,1
13_1,13,1,12,1,0,['Metta World Peace (Ron)_Peta Murgatroyd_13'],['Metta World Peace (Ron)_Peta Murgatroyd_13'],0.09090909090909091,0.09090909090909091,1,1
13_2,13,2,11,1,0,['Elisabetta Canalis_Valentin Chmerkovskiy_13'],['Elisabetta Canalis_Valentin Chmerkovskiy_13'],-0.5,-0.5,1,1
13_3,13,3,10,1,0,['Chaz Bono_Lacey Schwimmer_13'],['Chaz Bono_Lacey Schwimmer_13'],0.2222222222222222,0.2222222222222222,0,0
13_4,13,4,9,1,1,['Carson Kressley_Anna Trebunskaya_13'],['Chaz Bono_Lacey Schwimmer_13'],0.375,-0.375,0,0
13_5,13,5,8,1,0,['Carson Kressley_Anna Trebunskaya_13'],['Carson Kressley_Anna Trebunskaya_13'],0.0,0.0,1,1
13_6,13,6,7,1,0,['Chaz Bono_Lacey Schwimmer_13'],['Chaz Bono_Lacey Schwimmer_13'],0.0,0.0,1,1
13_7,13,7,6,1,0,['David Arquette_Kym Johnson_13'],['David Arquette_Kym Johnson_13'],-0.2,-0.2,1,1
13_8,13,8,5,1,0,['Nancy Grace_Tristan MacManus_13'],['Nancy Grace_Tristan MacManus_13'],0.0,0.0,1,1
13_9,13,9,4,1,0,['Hope Solo_Maksim Chmerkoskiy_13'],['Hope Solo_Maksim Chmerkoskiy_13'],0.0,0.0,1,1
14_2,14,2,12,1,0,['Martina Navratilova_Tony Dovolani_14'],['Martina Navratilova_Tony Dovolani_14'],0.0,0.0,1,1
14_3,14,3,11,1,0,['Jack Wagner_Anna Trebunskaya_14'],['Jack Wagner_Anna Trebunskaya_14'],-0.2,-0.2,1,1
14_4,14,4,10,1,0,['Gladys Knight_Tristan MacManus_14'],['Gladys Knight_Tristan MacManus_14'],0.0,0.0,0,0
14_5,14,5,9,1,0,['Gavin DeGraw_Karina Smirnoff_14'],['Gavin DeGraw_Karina Smirnoff_14'],0.125,0.125,1,1
14_6,14,6,8,1,0,['Gladys Knight_Tristan MacManus_14'],['Gladys Knight_Tristan MacManus_14'],0.0,0.0,1,1
14_7,14,7,7,1,0,['Jaleel White_Kym Johnson_14'],['Jaleel White_Kym Johnson_14'],-0.16666666666666666,-0.16666666666666666,1,1
14_8,14,8,6,2,1,"['Maria Menounos_Derek Hough_14', 'Melissa Gilbert_Maksim Chmerkoskiy_14']","['Melissa Gilbert_Maksim Chmerkoskiy_14', 'Roshon Fegan_Chelsie Hightower_14']",0.2,-0.30000000000000004,1,2
14_9,14,9,4,1,1,['Katherine Jenkins_Mark Ballas_14'],['Maria Menounos_Derek Hough_14'],0.3333333333333333,-1.0,0,1
15_1,15,1,13,1,0,['Pamela Anderson_Tristan MacManus_15'],['Pamela Anderson_Tristan MacManus_15'],0.0,0.0,1,1
15_2,15,2,12,1,0,['Bristol Palin_Mark Ballas_15'],['Bristol Palin_Mark Ballas_15'],0.0,0.0,0,0
15_3,15,3,11,2,0,"['Bristol Palin_Mark Ballas_15', 'Drew Lachey_Anna Trebunskaya_15']","['Bristol Palin_Mark Ballas_15', 'Drew Lachey_Anna Trebunskaya_15']",0.0,0.0,1,1
15_4,15,4,9,1,0,['Kirstie Alley_Maksim Chmerkoskiy_15'],['Kirstie Alley_Maksim Chmerkoskiy_15'],0.0,0.0,0,0
15_6,15,6,8,1,0,['Kelly Monaco_Valentin Chmerkovskiy_15'],['Kelly Monaco_Valentin Chmerkovskiy_15'],0.0,0.0,0,0
15_8,15,8,7,2,0,"['Kelly Monaco_Valentin Chmerkovskiy_15', 'Kirstie Alley_Maksim Chmerkoskiy_15']","['Kelly Monaco_Valentin Chmerkovskiy_15', 'Kirstie Alley_Maksim Chmerkoskiy_15']",-0.08333333333333333,-0.08333333333333333,1,1
15_9,15,9,5,2,0,"['Emmitt Smith_Cheryl Burke_15', 'Kelly Monaco_Valentin Chmerkovskiy_15']","['Emmitt Smith_Cheryl Burke_15', 'Kelly Monaco_Valentin Chmerkovskiy_15']",0.125,0.125,1,1
16_10,16,10,4,1,0,['Alexandra Raisman_Mark Ballas_16'],['Alexandra Raisman_Mark Ballas_16'],-0.3333333333333333,-0.3333333333333333,1,1
16_3,16,3,11,1,1,['D. L. Hughley_Cheryl Burke_16'],['Wynonna Judd_Tony Dovolani_16'],-0.1,0.1,0,1
16_4,16,4,10,1,0,['Lisa Vanderpump_Gleb Savchenko_16'],['Lisa Vanderpump_Gleb Savchenko_16'],0.0,0.0,1,1
16_5,16,5,9,1,0,['D. L. Hughley_Cheryl Burke_16'],['D. L. Hughley_Cheryl Burke_16'],0.0,0.0,1,1
16_6,16,6,8,1,0,['Victor Ortiz_Lindsay Arnold_16'],['Victor Ortiz_Lindsay Arnold_16'],0.0,0.0,1,1
16_7,16,7,7,1,0,['Andy Dick_Sharna Burgess_16'],['Andy Dick_Sharna Burgess_16'],0.0,0.0,1,1
16_8,16,8,6,1,0,['Sean Lowe_Peta Murgatroyd_16'],['Sean Lowe_Peta Murgatroyd_16'],0.0,0.0,1,1
16_9,16,9,5,1,0,['Ingo Rademacher_Kym Johnson_16'],['Ingo Rademacher_Kym Johnson_16'],0.0,0.0,1,1
17_10,17,10,5,1,0,['Bill Engvall_Emma Slater_17'],['Bill Engvall_Emma Slater_17'],0.0,0.0,0,0
17_11,17,11,4,1,0,['Bill Engvall_Emma Slater_17'],['Bill Engvall_Emma Slater_17'],0.0,0.0,1,1
17_2,17,2,12,1,0,['Bill Nye_Tyne Stecklein_17'],['Bill Nye_Tyne Stecklein_17'],0.09090909090909091,0.09090909090909091,0,0
17_3,17,3,11,1,0,['Bill Nye_Tyne Stecklein_17'],['Bill Nye_Tyne Stecklein_17'],-0.1,-0.1,1,1
17_4,17,4,10,1,0,['Valerie Harper_Tristan MacManus_17'],['Valerie Harper_Tristan MacManus_17'],0.0,0.0,1,1
17_5,17,5,9,1,1,['Amber Riley_Derek Hough_17'],['Brant Daugherty_Peta Murgatroyd_17'],0.0,-0.625,0,0
17_7,17,7,8,1,0,['Bill Engvall_Emma Slater_17'],['Bill Engvall_Emma Slater_17'],0.0,0.0,0,0
17_8,17,8,7,1,0,['Bill Engvall_Emma Slater_17'],['Bill Engvall_Emma Slater_17'],0.0,0.0,0,0
17_9,17,9,6,1,0,['Bill Engvall_Emma Slater_17'],['Bill Engvall_Emma Slater_17'],0.0,0.0,0,0
18_10,18,10,4,1,0,['Candace Cameron Bure_Mark Ballas_18'],['Candace Cameron Bure_Mark Ballas_18'],0.0,0.0,0,0
18_2,18,2,11,1,0,['Billy Dee Williams_Emma Slater_18'],['Billy Dee Williams_Emma Slater_18'],0.0,0.0,0,0
18_5,18,5,9,1,0,['Cody Simpson_Witney Carson_18'],['Cody Simpson_Witney Carson_18'],-0.125,-0.125,1,1
18_6,18,6,8,1,0,['Drew Carey_Cheryl Burke_18'],['Drew Carey_Cheryl Burke_18'],0.0,0.0,1,1
18_7,18,7,7,1,0,['NeNe Leakes_Tony Dovolani_18'],['NeNe Leakes_Tony Dovolani_18'],0.0,0.0,1,1
18_8,18,8,6,1,0,['James Maslow_Peta Murgatroyd_18'],['James Maslow_Peta Murgatroyd_18'],0.2,0.2,0,0
18_9,18,9,5,1,1,['James Maslow_Peta Murgatroyd_18'],['Candace Cameron Bure_Mark Ballas_18'],-0.25,0.5,0,0
19_1,19,1,13,1,0,['Betsey Johnson_Tony Dovolani_19'],['Betsey Johnson_Tony Dovolani_19'],0.08333333333333333,0.08333333333333333,0,0
19_10,19,10,5,1,0,['Tommy Chong_Peta Murgatroyd_19'],['Tommy Chong_Peta Murgatroyd_19'],0.0,0.0,1,1
19_11,19,11,4,1,0,['Bethany Mota_Derek Hough_19'],['Bethany Mota_Derek Hough_19'],0.0,0.0,1,1
19_2,19,2,12,1,1,['Tavis Smiley_Sharna Burgess_19'],['Betsey Johnson_Tony Dovolani_19'],-0.09090909090909091,-0.36363636363636365,1,0
19_3,19,3,11,1,0,['Randy Couture_Karina Smirnoff_19'],['Randy Couture_Karina Smirnoff_19'],0.1,0.1,1,1
19_4,19,4,10,1,0,['Betsey Johnson_Tony Dovolani_19'],['Betsey Johnson_Tony Dovolani_19'],-0.3333333333333333,-0.3333333333333333,1,1
19_6,19,6,9,1,0,['Tommy Chong_Peta Murgatroyd_19'],['Tommy Chong_Peta Murgatroyd_19'],0.0,0.0,0,0
19_7,19,7,8,1,0,['Antonio Sabato Jr._Cheryl Burke_19'],['Antonio Sabato Jr._Cheryl Burke_19'],0.0,0.0,1,1
19_8,19,8,7,1,0,['Michael Waltrip_Emma Slater_19'],['Michael Waltrip_Emma Slater_19'],0.16666666666666666,0.16666666666666666,1,1
19_9,19,9,6,1,0,['Tommy Chong_Peta Murgatroyd_19'],['Tommy Chong_Peta Murgatroyd_19'],0.0,0.0,0,0
1_2,1,2,6,1,0,['Trista Sutter_Louis van Amstel_1'],['Trista Sutter_Louis van Amstel_1'],-0.2,-0.2,1,1
1_3,1,3,5,1,0,['Evander Holyfield_Edyta Sliwinska_1'],['Evander Holyfield_Edyta Sliwinska_1'],0.0,0.0,1,1
1_4,1,4,4,1,0,['Rachel Hunter_Jonathan Roberts_1'],['Rachel Hunter_Jonathan Roberts_1'],-0.6666666666666666,-0.6666666666666666,1,1
20_2,20,2,12,1,0,['Charlotte McKinney_Keo Motsepe_20'],['Charlotte McKinney_Keo Motsepe_20'],0.0,0.0,0,0
20_3,20,3,11,1,0,['Charlotte McKinney_Keo Motsepe_20'],['Charlotte McKinney_Keo Motsepe_20'],-0.1,-0.1,1,1
20_4,20,4,10,1,1,['Patti LaBelle_Artem Chigvintsev_20'],['Suzanne Somers_Tony Dovolani_20'],-0.2222222222222222,0.1111111111111111,0,0
20_5,20,5,9,1,0,['Patti LaBelle_Artem Chigvintsev_20'],['Patti LaBelle_Artem Chigvintsev_20'],0.0,0.0,0,0
20_6,20,6,8,1,1,['Patti LaBelle_Artem Chigvintsev_20'],['Robert Herjavec_Kym Johnson_20'],-0.14285714285714285,0.2857142857142857,1,0
20_7,20,7,7,1,0,['Robert Herjavec_Kym Johnson_20'],['Robert Herjavec_Kym Johnson_20'],0.0,0.0,0,0
20_8,20,8,6,2,0,"['Chris Soules_Witney Carson_20', 'Robert Herjavec_Kym Johnson_20']","['Chris Soules_Witney Carson_20', 'Robert Herjavec_Kym Johnson_20']",-0.1,-0.1,2,2
20_9,20,9,4,1,0,['Nastia Liukin_Derek Hough_20'],['Nastia Liukin_Derek Hough_20'],-1.0,-1.0,1,1
21_11,21,11,4,1,1,['Alek Skarlatos_Lindsay Arnold_21'],['Carlos PenaVega_Witney Carson_21'],0.3333333333333333,-0.6666666666666666,0,1
21_2,21,2,13,2,0,"['Chaka Khan_Keo Motsepe_21', 'Victor Espinoza_Karina Smirnoff_21']","['Chaka Khan_Keo Motsepe_21', 'Victor Espinoza_Karina Smirnoff_21']",-0.041666666666666664,-0.041666666666666664,2,2
21_4,21,4,10,1,0,['Gary Busey_Anna Trebunskaya_21'],['Gary Busey_Anna Trebunskaya_21'],0.1111111111111111,0.1111111111111111,1,1
21_6,21,6,9,1,0,['Paula Deen_Louis van Amstel_21'],['Paula Deen_Louis van Amstel_21'],0.0,0.0,1,1
21_7,21,7,8,1,0,['Alexa PenaVega_Mark Ballas_21'],['Alexa PenaVega_Mark Ballas_21'],-0.2857142857142857,-0.2857142857142857,0,0
21_8,21,8,7,1,0,['Andy Grammer_Allison Holker_21'],['Andy Grammer_Allison Holker_21'],0.16666666666666666,0.16666666666666666,1,1
21_9,21,9,6,1,0,['Tamar Braxton_Valentin Chmerkovskiy_21'],['Tamar Braxton_Valentin Chmerkovskiy_21'],0.4,0.4,0,0
22_2,22,2,12,1,0,['Geraldo Rivera_Edyta Sliwinska_22'],['Geraldo Rivera_Edyta Sliwinska_22'],0.0,0.0,1,1
22_3,22,3,11,1,0,['Mischa Barton_Artem Chigvintsev_22'],['Mischa Barton_Artem Chigvintsev_22'],0.0,0.0,1,1
22_4,22,4,10,1,0,['Doug Flutie_Karina Smirnoff_22'],['Doug Flutie_Karina Smirnoff_22'],0.1111111111111111,0.1111111111111111,0,0
22_6,22,6,9,1,0,['Doug Flutie_Karina Smirnoff_22'],['Doug Flutie_Karina Smirnoff_22'],0.0,0.0,1,1
22_7,22,7,8,2,0,"['Jodie Sweetin_Keo Motsepe_22', 'Kim Fields_Sasha Farber_22']","['Jodie Sweetin_Keo Motsepe_22', 'Kim Fields_Sasha Farber_22']",0.0,0.0,1,1
22_8,22,8,6,1,1,['Antonio Brown_Sharna Burgess_22'],['Jodie Sweetin_Keo Motsepe_22'],0.0,-0.8,0,1
22_9,22,9,5,2,1,"['Antonio Brown_Sharna Burgess_22', 'Ginger Zee_Valentin Chmerkovskiy_22']","['Antonio Brown_Sharna Burgess_22', 'Wanya Morris_Lindsay Arnold_22']",0.375,-0.375,1,2
23_10,23,10,5,1,1,['James Hinchcliffe_Sharna Burgess_23'],['Terra Jole_Sasha Farber_23'],-0.25,-0.75,0,1
23_11,23,11,4,1,0,['Jana Kramer_Gleb Savchenko_23'],['Jana Kramer_Gleb Savchenko_23'],0.0,0.0,1,1
23_2,23,2,13,1,0,['Rick Perry_Emma Slater_23'],['Rick Perry_Emma Slater_23'],0.08333333333333333,0.08333333333333333,0,0
23_3,23,3,12,1,0,['Rick Perry_Emma Slater_23'],['Rick Perry_Emma Slater_23'],-0.09090909090909091,-0.09090909090909091,1,1
23_4,23,4,11,2,0,"['Babyface_Allison Holker_23', 'Vanilla Ice_Witney Carson_23']","['Babyface_Allison Holker_23', 'Vanilla Ice_Witney Carson_23']",-0.09999999999999999,-0.09999999999999999,2,2
23_6,23,6,9,1,0,['Amber Rose_Maksim Chmerkoskiy_23'],['Amber Rose_Maksim Chmerkoskiy_23'],0.125,0.125,1,1
23_7,23,7,8,1,0,['Maureen McCormick_Artem Chigvintsev_23'],['Maureen McCormick_Artem Chigvintsev_23'],-0.2857142857142857,-0.2857142857142857,1,1
23_8,23,8,7,1,0,['Marilu Henner_Derek Hough_23'],['Marilu Henner_Derek Hough_23'],0.0,0.0,0,0
23_9,23,9,6,1,0,['Marilu Henner_Derek Hough_23'],['Marilu Henner_Derek Hough_23'],0.2,0.2,1,1
24_2,24,2,12,1,0,['Chris Kattan_Witney Carson_24'],['Chris Kattan_Witney Carson_24'],-0.09090909090909091,-0.09090909090909091,1,1
24_3,24,3,11,1,0,['Charo_Keo Motsepe_24'],['Charo_Keo Motsepe_24'],-0.1,-0.1,1,1
24_4,24,4,10,1,0,['Mr. T_Kym Herjavec_24'],['Mr. T_Kym Herjavec_24'],0.0,0.0,1,1
24_5,24,5,9,1,0,['Erika Jayne_Gleb Savchenko_24'],['Erika Jayne_Gleb Savchenko_24'],-0.375,-0.375,1,1
24_6,24,6,8,1,1,['Nancy Kerrigan_Artem Chigvintsev_24'],['Heather Morris_Maksim Chmerkoskiy_24'],-0.2857142857142857,-1.0,0,1
24_7,24,7,7,2,0,"['Bonner Bolton_Sharna Burgess_24', 'Nick Viall_Peta Murgatroyd_24']","['Bonner Bolton_Sharna Burgess_24', 'Nick Viall_Peta Murgatroyd_24']",0.0,0.0,1,1
24_8,24,8,5,1,0,['Bonner Bolton_Sharna Burgess_24'],['Bonner Bolton_Sharna Burgess_24'],0.0,0.0,1,1
24_9,24,9,4,1,1,['David Ross_Lindsay Arnold_24'],['Simone Biles_Sasha Farber_24'],1.0,-1.0,0,1
25_10,25,10,4,1,0,['Drew Scott_Emma Slater_25'],['Drew Scott_Emma Slater_25'],0.0,0.0,1,1
25_2,25,2,13,2,1,"['Barbara Corcoran_Keo Motsepe_25', 'Derek Fisher_Sharna Burgess_25']","['Barbara Corcoran_Keo Motsepe_25', 'Debbie Gibson_Alan Bersten_25']",0.04166666666666667,-0.20833333333333334,1,2
25_4,25,4,11,1,0,['Derek Fisher_Sharna Burgess_25'],['Derek Fisher_Sharna Burgess_25'],-0.1,-0.1,1,1
25_6,25,6,9,1,0,['Nick Lachey_Peta Murgatroyd_25'],['Nick Lachey_Peta Murgatroyd_25'],0.125,0.125,1,1
25_7,25,7,8,2,0,"['Nikki Bella_Artem Chigvintsev_25', 'Terrell Owens_Cheryl Burke_25']","['Nikki Bella_Artem Chigvintsev_25', 'Terrell Owens_Cheryl Burke_25']",0.07142857142857142,0.07142857142857142,1,1
25_8,25,8,6,1,1,['Terrell Owens_Cheryl Burke_25'],['Victoria Arlen_Valentin Chmerkovskiy_25'],-0.4,0.0,1,0
25_9,25,9,5,1,0,['Drew Scott_Emma Slater_25'],['Drew Scott_Emma Slater_25'],0.0,0.0,0,0
26_1,26,1,10,2,1,"['Arike Ogunbowale_Gleb Savchenko_26', 'Jamie Anderson_Artem Chigvintsev_26']","['Jamie Anderson_Artem Chigvintsev_26', 'Johnny Damon_Emma Slater_26']",-0.2222222222222222,0.0,1,2
26_2,26,2,8,2,0,"['Arike Ogunbowale_Gleb Savchenko_26', 'Kareem Abdul-Jabbar_Lindsay Arnold_26']","['Arike Ogunbowale_Gleb Savchenko_26', 'Kareem Abdul-Jabbar_Lindsay Arnold_26']",-0.2857142857142857,-0.2857142857142857,2,2
26_3,26,3,6,3,0,"['Chris Mazdzer_Witney Carson_26', 'Jennie Finch Daigle_Keo Motsepe_26', 'Mirai Nagasu_Alan Bersten_26']","['Chris Mazdzer_Witney Carson_26', 'Jennie Finch Daigle_Keo Motsepe_26', 'Mirai Nagasu_Alan Bersten_26']",-0.06666666666666665,-0.06666666666666665,3,3
27_1,27,1,13,1,0,['Nikki Glaser_Gleb Savchenko_27'],['Nikki Glaser_Gleb Savchenko_27'],0.0,0.0,1,1
27_2,27,2,12,1,0,['Danelle Umstead_Artem Chigvintsev_27'],['Danelle Umstead_Artem Chigvintsev_27'],-0.09090909090909091,-0.09090909090909091,1,1
27_3,27,3,11,1,0,['Nancy McKeon_Valentin Chmerkovskiy_27'],['Nancy McKeon_Valentin Chmerkovskiy_27'],-0.2,-0.2,1,1
27_4,27,4,10,1,1,['Juan Pablo Di Pace_Cheryl Burke_27'],['Tinashe_Brandon Armstrong_27'],-0.2222222222222222,-0.7777777777777778,0,1
27_6,27,6,9,1,0,['John Schneider_Emma Slater_27'],['John Schneider_Emma Slater_27'],0.125,0.125,0,0
27_7,27,7,8,2,1,"['DeMarcus Ware_Lindsay Arnold_27', 'Joe Amabile_Jenna Johnson_27']","['DeMarcus Ware_Lindsay Arnold_27', 'John Schneider_Emma Slater_27']",0.21428571428571427,-0.21428571428571427,1,2
27_8,27,8,6,2,1,"['Bobby Bones_Sharna Burgess_27', 'Joe Amabile_Jenna Johnson_27']","['Joe Amabile_Jenna Johnson_27', 'Juan Pablo Di Pace_Cheryl Burke_27']",0.5,-0.5,1,2
28_10,28,10,5,1,0,['James Van Der Beek_Emma Slater_28'],['James Van Der Beek_Emma Slater_28'],0.25,0.25,1,1
28_2,28,2,12,1,0,['Mary Wilson_Brandon Armstrong_28'],['Mary Wilson_Brandon Armstrong_28'],0.0,0.0,1,1
28_4,28,4,10,1,1,['Karamo Brown_Jenna Johnson_28'],['Lamar Odom_Peta Murgatroyd_28'],-0.3333333333333333,0.7777777777777778,0,1
28_6,28,6,9,1,0,['Karamo Brown_Jenna Johnson_28'],['Karamo Brown_Jenna Johnson_28'],-0.125,-0.125,0,0
28_7,28,7,8,1,0,['Karamo Brown_Jenna Johnson_28'],['Karamo Brown_Jenna Johnson_28'],-0.14285714285714285,-0.14285714285714285,1,1
28_8,28,8,7,1,1,['Kel Mitchell_Witney Carson_28'],['Kate Flannery_Pasha Pashkov_28'],-0.5,0.0,0,1
28_9,28,9,6,1,1,['Sean Spicer_Lindsay Arnold_28'],['James Van Der Beek_Emma Slater_28'],0.6,-0.39999999999999997,1,0
29_10,29,10,6,2,0,"['Johnny Weir_Britt Stewart_29', 'Justina Machado_Sasha Farber_29']","['Johnny Weir_Britt Stewart_29', 'Justina Machado_Sasha Farber_29']",-0.19999999999999998,-0.19999999999999998,1,1
29_2,29,2,15,1,1,['Carole Baskin_Pasha Pashkov_29'],['Charles Oakley_Emma Slater_29'],0.07142857142857142,0.3571428571428571,0,1
29_3,29,3,14,1,0,['Carole Baskin_Pasha Pashkov_29'],['Carole Baskin_Pasha Pashkov_29'],0.23076923076923078,0.23076923076923078,1,1
29_4,29,4,13,1,0,['Anne Heche_Keo Motsepe_29'],['Anne Heche_Keo Motsepe_29'],-0.16666666666666669,-0.16666666666666669,1,1
29_5,29,5,12,1,1,['Veron Davis_Peta Murgatroyd_29'],['Chrishell Stause_Gleb Savchenko_29'],-0.18181818181818182,0.09090909090909091,0,0
29_6,29,6,11,1,0,['Veron Davis_Peta Murgatroyd_29'],['Veron Davis_Peta Murgatroyd_29'],-0.1,-0.1,1,1
29_7,29,7,10,1,0,['Monica Aldama_Valentin Chmerkovskiy_29'],['Monica Aldama_Valentin Chmerkovskiy_29'],0.2222222222222222,0.2222222222222222,1,1
29_8,29,8,8,1,0,['Chrishell Stause_Gleb Savchenko_29'],['Chrishell Stause_Gleb Savchenko_29'],0.0,0.0,1,1
29_9,29,9,7,1,1,['Justina Machado_Sasha Farber_29'],['AJ McLean_Cheryl Burke_29'],-0.16666666666666666,0.5,0,1
2_1,2,1,10,1,0,['Kenny Mayne_Andrea Hale_2'],['Kenny Mayne_Andrea Hale_2'],0.1111111111111111,0.1111111111111111,1,1
2_2,2,2,9,1,0,"[""Tatum O'Neal_Nick Kosovich_2""]","[""Tatum O'Neal_Nick Kosovich_2""]",0.125,0.125,1,1
2_3,2,3,8,1,0,['Giselle Fernandez_Jonathan Roberts_2'],['Giselle Fernandez_Jonathan Roberts_2'],-0.14285714285714285,-0.14285714285714285,1,1
2_4,2,4,7,1,0,['Master P_Ashly DelGrosso_2'],['Master P_Ashly DelGrosso_2'],0.5,0.5,1,1
2_5,2,5,6,1,0,['Tia Carrere_Maksim Chmerkoskiy_2'],['Tia Carrere_Maksim Chmerkoskiy_2'],0.0,0.0,1,1
2_6,2,6,5,1,1,['Lisa Rinna_Louis van Amstel_2'],['George Hamilton_Edyta Sliwinska_2'],-0.5,0.25,0,1
2_7,2,7,4,1,0,['Lisa Rinna_Louis van Amstel_2'],['Lisa Rinna_Louis van Amstel_2'],0.0,0.0,1,1
30_2,30,2,15,1,0,['Martin Kove_Britt Stewart_30'],['Martin Kove_Britt Stewart_30'],0.07142857142857142,0.07142857142857142,1,1
30_3,30,3,14,1,0,['Christine Chiu_Pasha Pashkov_30'],['Christine Chiu_Pasha Pashkov_30'],-0.4615384615384615,-0.4615384615384615,1,1
30_4,30,4,13,2,1,"['Brian Austin Green_Sharna Burgess_30', 'Kenya Moore_Brandon Armstrong_30']","['Brian Austin Green_Sharna Burgess_30', 'Matt James_Lindsay Arnold_30']",0.16666666666666669,0.33333333333333337,1,2
30_5,30,5,11,1,1,['Suni Lee_Sasha Farber_30'],['Kenya Moore_Brandon Armstrong_30'],-0.4,-0.6000000000000001,0,0
30_6,30,6,10,1,0,['Kenya Moore_Brandon Armstrong_30'],['Kenya Moore_Brandon Armstrong_30'],0.2222222222222222,0.2222222222222222,1,1
30_7,30,7,9,1,1,['Suni Lee_Sasha Farber_30'],['Amanda Kloots_Alan Bersten_30'],-0.125,0.0,0,0
30_8,30,8,8,2,0,"['Jimmie Allen_Emma Slater_30', 'Olivia Jade_Valentin Chmerkovskiy_30']","['Jimmie Allen_Emma Slater_30', 'Olivia Jade_Valentin Chmerkovskiy_30']",0.21428571428571427,0.21428571428571427,2,2
30_9,30,9,6,2,0,"['Melora Hardin_Artem Chigvintsev_30', 'Suni Lee_Sasha Farber_30']","['Melora Hardin_Artem Chigvintsev_30', 'Suni Lee_Sasha Farber_30']",-0.2,-0.2,2,2
31_1,31,1,16,1,0,['Jason Lewis_Peta Murgatroyd_31'],['Jason Lewis_Peta Murgatroyd_31'],0.33333333333333337,0.33333333333333337,1,1
31_2,31,2,15,1,0,['Teresa Giudice_Pasha Pashkov_31'],['Teresa Giudice_Pasha Pashkov_31'],0.5,0.5,1,1
31_3,31,3,14,1,0,['Cheryl Ladd_Louis van Amstel_31'],['Cheryl Ladd_Louis van Amstel_31'],0.38461538461538464,0.38461538461538464,1,1
31_4,31,4,13,1,0,['Sam Champion_Cheryl Burke_31'],['Sam Champion_Cheryl Burke_31'],0.5,0.5,1,1
31_5,31,5,12,1,1,['Jordin Sparks_Brandon Armstrong_31'],['Joseph Baena_Daniella Karagach_31'],-0.1818181818181818,0.0,0,1
31_6,31,6,10,1,1,['Jordin Sparks_Brandon Armstrong_31'],['Jessie James Decker_Alan Bersten_31'],-0.4444444444444444,0.3333333333333333,0,1
31_7,31,7,9,1,0,['Jordin Sparks_Brandon Armstrong_31'],['Jordin Sparks_Brandon Armstrong_31'],-0.125,-0.125,1,1
31_8,31,8,8,2,1,"['Gabby Windey_Valentin Chmerkovskiy_31', ""Heidi D'Amelio_Artem Chigvintsev_31""]","[""Heidi D'Amelio_Artem Chigvintsev_31"", 'Vinny Guadagnino_Koko Iwasaki_31']",-0.2857142857142857,0.2857142857142857,1,2
31_9,31,9,6,2,0,"['Daniel Durant_Britt Stewart_31', 'Trevor Donovan_Emma Slater_31']","['Daniel Durant_Britt Stewart_31', 'Trevor Donovan_Emma Slater_31']",0.19999999999999998,0.19999999999999998,2,2
32_1,32,1,14,1,0,['Matt Walsh_Koko Iwasaki_32'],['Matt Walsh_Koko Iwasaki_32'],0.38461538461538464,0.38461538461538464,1,1
32_2,32,2,13,1,0,['Jamie Lynn Spears_Alan Bersten_32'],['Jamie Lynn Spears_Alan Bersten_32'],-0.16666666666666666,-0.16666666666666666,1,1
32_3,32,3,12,1,0,['Mauricio Umansky_Emma Slater_32'],['Mauricio Umansky_Emma Slater_32'],0.18181818181818182,0.18181818181818182,0,0
32_4,32,4,11,1,1,['Mira Sorvino_Gleb Savchenko_32'],['Mauricio Umansky_Emma Slater_32'],-0.19999999999999998,0.3,0,0
32_5,32,5,10,1,0,['Mira Sorvino_Gleb Savchenko_32'],['Mira Sorvino_Gleb Savchenko_32'],-0.2222222222222222,-0.2222222222222222,1,1
32_6,32,6,9,1,1,['Lele Pons_Brandon Armstrong_32'],['Mauricio Umansky_Emma Slater_32'],-0.5,0.125,0,1
32_7,32,7,8,1,0,['Charity Lawson_Artem Chigvintsev_32'],['Charity Lawson_Artem Chigvintsev_32'],-0.42857142857142855,-0.42857142857142855,0,0
32_8,32,8,7,1,0,['Barry Williams_Peta Murgatroyd_32'],['Barry Williams_Peta Murgatroyd_32'],0.16666666666666669,0.16666666666666669,1,1
32_9,32,9,6,1,0,['Ariana Madix_Pasha Pashkov_32'],['Ariana Madix_Pasha Pashkov_32'],0.0,0.0,0,0
33_2,33,2,13,2,0,"['Anna Delvey_Ezra Sosa_33', 'Tori Spelling_Pasha Pashkov_33']","['Anna Delvey_Ezra Sosa_33', 'Tori Spelling_Pasha Pashkov_33']",-0.08333333333333333,-0.08333333333333333,2,2
33_3,33,3,11,2,1,"['Brooks Nader_Gleb Savchenko_33', 'Reginald VelJohnson_Emma Slater_33']","['Eric Roberts_Britt Stewart_33', 'Reginald VelJohnson_Emma Slater_33']",-0.04999999999999999,0.55,1,2
33_4,33,4,9,1,0,['Brooks Nader_Gleb Savchenko_33'],['Brooks Nader_Gleb Savchenko_33'],-0.5,-0.5,1,1
33_5,33,5,8,1,0,['Phaedra Parks_Val Chmerkovskiy_33'],['Phaedra Parks_Val Chmerkovskiy_33'],0.14285714285714285,0.14285714285714285,1,1
33_6,33,6,7,1,1,['Chandler Kinney_Brandon Armstrong_33'],['Dwight Howard\xa0_Daniella Karagach_33'],-1.0,-0.3333333333333333,0,0
33_7,33,7,6,1,0,['Dwight Howard\xa0_Daniella Karagach_33'],['Dwight Howard\xa0_Daniella Karagach_33'],0.4,0.4,1,1
34_10,34,10,6,1,0,['Jordan Chiles_Ezra Sosa (Apolo Anton Ohno week 9)_34'],['Jordan Chiles_Ezra Sosa (Apolo Anton Ohno week 9)_34'],0.2,0.2,0,0
34_2,34,2,14,2,0,"['Baron Davis_Britt Stewart_34', 'Corey Feldman_Jenna Johnson_34']","['Baron Davis_Britt Stewart_34', 'Corey Feldman_Jenna Johnson_34']",0.0,0.0,2,2
34_3,34,3,12,1,0,['Lauren Jauregui_Brandon Armstrong_34'],['Lauren Jauregui_Brandon Armstrong_34'],0.45454545454545453,0.45454545454545453,1,1
34_4,34,4,11,1,0,['Hilaria Baldwin_Gleb Savchenko_34'],['Hilaria Baldwin_Gleb Savchenko_34'],-0.5,-0.5,1,1
34_6,34,6,10,1,1,['Jen Affleck_Jan Ravnik_34'],['Scott Hoying_Rylee Arnold_34'],-0.1111111111111111,0.2222222222222222,0,1
34_7,34,7,9,1,0,['Jen Affleck_Jan Ravnik_34'],['Jen Affleck_Jan Ravnik_34'],-0.25,-0.25,1,1
34_8,34,8,8,1,0,['Danielle Fishel_Pasha Pashkov_34'],['Danielle Fishel_Pasha Pashkov_34'],0.2857142857142857,0.2857142857142857,1,1
34_9,34,9,7,1,0,['Andy Richter_Emma Slater/Kaitlyn Bristowe (week 9)_34'],['Andy Richter_Emma Slater/Kaitlyn Bristowe (week 9)_34'],0.6666666666666666,0.6666666666666666,1,1
3_1,3,1,11,1,0,['Tucker Carlson_Elena Grinenko_3'],['Tucker Carlson_Elena Grinenko_3'],0.0,0.0,1,1
3_2,3,2,10,1,1,['Shanna Moakler_Jesse DeSoto_3'],['Harry Hamlin_Ashly DelGrosso_3'],-0.4444444444444444,0.0,1,0
3_3,3,3,9,1,1,['Willa Ford_Maksim Chmerkoskiy_3'],['Harry Hamlin_Ashly DelGrosso_3'],0.0,-0.5,0,1
3_4,3,4,8,1,0,['Vivica A. Fox_Nick Kosovich_3'],['Vivica A. Fox_Nick Kosovich_3'],-0.14285714285714285,-0.14285714285714285,1,1
3_5,3,5,7,1,0,['Sara Evans_Tony Dovolani_3'],['Sara Evans_Tony Dovolani_3'],0.0,0.0,0,0
3_7,3,7,5,1,0,['Jerry Springer_Kym Johnson_3'],['Jerry Springer_Kym Johnson_3'],0.0,0.0,1,1
3_8,3,8,4,1,0,['Monique Coleman_Louis van Amstel_3'],['Monique Coleman_Louis van Amstel_3'],0.0,0.0,1,1
4_2,4,2,11,1,0,['Leeza Gibbons_Tony Dovolani_4'],['Leeza Gibbons_Tony Dovolani_4'],-0.3,-0.3,0,0
4_3,4,3,10,1,0,['Clyde Drexler_Elena Grinenko_4'],['Clyde Drexler_Elena Grinenko_4'],0.1111111111111111,0.1111111111111111,0,0
4_4,4,4,9,1,0,['Clyde Drexler_Elena Grinenko_4'],['Clyde Drexler_Elena Grinenko_4'],0.0,0.0,0,0
4_5,4,5,8,1,0,['Clyde Drexler_Elena Grinenko_4'],['Clyde Drexler_Elena Grinenko_4'],0.0,0.0,1,1
4_6,4,6,7,1,0,['John Ratzenberger_Edyta Sliwinska_4'],['John Ratzenberger_Edyta Sliwinska_4'],0.16666666666666666,0.16666666666666666,0,0
4_7,4,7,6,1,0,['Billy Ray Cyrus_Karina Smirnoff_4'],['Billy Ray Cyrus_Karina Smirnoff_4'],0.2,0.2,0,0
4_8,4,8,5,1,0,['Billy Ray Cyrus_Karina Smirnoff_4'],['Billy Ray Cyrus_Karina Smirnoff_4'],0.0,0.0,1,1
4_9,4,9,4,1,0,['Ian Ziering_Cheryl Burke_4'],['Ian Ziering_Cheryl Burke_4'],0.0,0.0,1,1
5_1,5,1,12,1,0,['Josie Maran_Alec Mazo_5'],['Josie Maran_Alec Mazo_5'],0.0,0.0,1,1
5_2,5,2,11,1,1,['Wayne Newton_Cheryl Burke_5'],['Albert Reed_Anna Trebunskaya_5'],0.3,-0.6,0,1
5_3,5,3,10,1,0,['Wayne Newton_Cheryl Burke_5'],['Wayne Newton_Cheryl Burke_5'],0.0,0.0,1,1
5_4,5,4,9,1,0,['Floyd Mayweather Jr. _Karina Smirnoff_5'],['Floyd Mayweather Jr. _Karina Smirnoff_5'],-0.125,-0.125,1,1
5_5,5,5,8,1,0,['Mark Cuban_Kym Johnson_5'],['Mark Cuban_Kym Johnson_5'],0.0,0.0,1,1
5_6,5,6,7,1,0,['Jane Seymour_Tony Dovolani_5'],['Jane Seymour_Tony Dovolani_5'],0.16666666666666666,0.16666666666666666,0,0
5_7,5,7,6,1,0,['Jane Seymour_Tony Dovolani_5'],['Jane Seymour_Tony Dovolani_5'],0.0,0.0,1,1
5_8,5,8,5,1,0,['Cameron Mathison_Edyta Sliwinska_5'],['Cameron Mathison_Edyta Sliwinska_5'],-0.5,-0.5,1,1
5_9,5,9,4,1,0,['Jennie Garth_Derek Hough_5'],['Jennie Garth_Derek Hough_5'],-0.3333333333333333,-0.3333333333333333,1,1
6_2,6,2,12,2,0,"['Monica Seles_Jonathan Roberts_6', 'Penn Jillette_Kym Johnson_6']","['Monica Seles_Jonathan Roberts_6', 'Penn Jillette_Kym Johnson_6']",-0.045454545454545456,-0.045454545454545456,2,2
6_3,6,3,10,1,0,['Steve Guttenberg_Anna Trebunskaya_6'],['Steve Guttenberg_Anna Trebunskaya_6'],-0.1111111111111111,-0.1111111111111111,1,1
6_4,6,4,9,1,0,['Adam Carolla_Julianne Hough_6'],['Adam Carolla_Julianne Hough_6'],0.0,0.0,1,1
6_5,6,5,8,1,0,['Priscilla Presley_Louis van Amstel_6'],['Priscilla Presley_Louis van Amstel_6'],0.0,0.0,1,1
6_6,6,6,7,1,0,['Marlee Matlin_Fabian Sanchez_6'],['Marlee Matlin_Fabian Sanchez_6'],0.0,0.0,1,1
6_7,6,7,6,1,0,['Shannon Elizabeth_Derek Hough_6'],['Shannon Elizabeth_Derek Hough_6'],-0.2,-0.2,1,1
6_8,6,8,5,1,0,['Mario_Karina Smirnoff_6'],['Mario_Karina Smirnoff_6'],-0.5,-0.5,1,1
6_9,6,9,4,1,0,['Marissa Jaret Winokur_Tony Dovolani_6'],['Marissa Jaret Winokur_Tony Dovolani_6'],0.0,0.0,1,1
7_1,7,1,13,2,0,"['Cloris Leachman_Corky Ballas_7', 'Jeffrey Ross_Edyta Sliwinska_7']","['Cloris Leachman_Corky Ballas_7', 'Jeffrey Ross_Edyta Sliwinska_7']",0.041666666666666664,0.041666666666666664,1,1
7_2,7,2,11,1,0,['Cloris Leachman_Corky Ballas_7'],['Cloris Leachman_Corky Ballas_7'],0.0,0.0,0,0
7_4,7,4,9,1,0,['Rocco DiSpirito_Karina Smirnoff_7'],['Rocco DiSpirito_Karina Smirnoff_7'],0.125,0.125,1,1
7_5,7,5,8,1,0,['Cloris Leachman_Corky Ballas_7'],['Cloris Leachman_Corky Ballas_7'],-0.14285714285714285,-0.14285714285714285,0,0
7_6,7,6,7,1,0,['Cloris Leachman_Corky Ballas_7'],['Cloris Leachman_Corky Ballas_7'],0.0,0.0,1,1
7_7,7,7,6,1,0,['Susan Lucci_Tony Dovolani_7'],['Susan Lucci_Tony Dovolani_7'],-0.4,-0.4,1,1
7_8,7,8,5,1,0,['Maurice Greene_Cheryl Burke_7'],['Maurice Greene_Cheryl Burke_7'],0.0,0.0,1,1
7_9,7,9,4,1,0,['Cody Linley_Julianne Hough_7'],['Cody Linley_Julianne Hough_7'],0.0,0.0,1,1
8_10,8,10,4,1,0,['Ty Murray_Chelsie Hightower_8'],['Ty Murray_Chelsie Hightower_8'],0.0,0.0,1,1
8_2,8,2,13,1,0,['Belinda Carlisle_Jonathan Roberts_8'],['Belinda Carlisle_Jonathan Roberts_8'],-0.3333333333333333,-0.3333333333333333,1,1
8_3,8,3,12,1,0,['Steve Wozniak_Karina Smirnoff_8'],['Steve Wozniak_Karina Smirnoff_8'],0.18181818181818182,0.18181818181818182,0,0
8_4,8,4,11,2,0,"['Holly Madison_Dmitry Chaplin_8', 'Steve Wozniak_Karina Smirnoff_8']","['Holly Madison_Dmitry Chaplin_8', 'Steve Wozniak_Karina Smirnoff_8']",-0.05,-0.05,2,2
8_5,8,5,9,1,0,['Steve-O_Lacey Schwimmer_8'],['Steve-O_Lacey Schwimmer_8'],0.125,0.125,0,0
8_6,8,6,8,1,0,['Steve-O_Lacey Schwimmer_8'],['Steve-O_Lacey Schwimmer_8'],0.0,0.0,1,1
8_7,8,7,7,1,0,['Lawrence Taylor_Edyta Sliwinska_8'],['Lawrence Taylor_Edyta Sliwinska_8'],0.0,0.0,1,1
8_8,8,8,6,1,0,['Chuck Wicks_Julianne Hough_8'],['Chuck Wicks_Julianne Hough_8'],-0.2,-0.2,1,1
8_9,8,9,5,1,0,"[""Lil' Kim_Derek Hough_8""]","[""Lil' Kim_Derek Hough_8""]",-0.25,-0.25,1,1
9_1,9,1,16,2,0,"['Ashley Hamiliton_Edyta Sliwinska_9', 'Macy Gray_Jonathan Roberts_9']","['Ashley Hamiliton_Edyta Sliwinska_9', 'Macy Gray_Jonathan Roberts_9']",0.0,0.0,2,2
9_2,9,2,14,1,0,['Kathy Ireland_Tony Dovolani_9'],['Kathy Ireland_Tony Dovolani_9'],0.0,0.0,1,1
9_3,9,3,13,1,1,['Debi Mazar_Maksim Chmerkoskiy_9'],['Tom DeLay_Cheryl Burke_9'],-0.16666666666666666,0.08333333333333333,1,0
9_4,9,4,11,1,0,['Chuck Liddell_Anna Trebunskaya_9'],['Chuck Liddell_Anna Trebunskaya_9'],-0.2,-0.2,1,1
9_5,9,5,10,1,0,['Natalie Coughlin_Alec Mazo_9'],['Natalie Coughlin_Alec Mazo_9'],-0.1111111111111111,-0.1111111111111111,1,1
9_6,9,6,9,2,1,"['Louie Vito_Chelsie Hightower_9', 'Melissa Joan Hart_Mark Ballas_9']","['Louie Vito_Chelsie Hightower_9', 'Michael Irvin_Anna Demidova_9']",-0.125,0.0,2,1
9_7,9,7,7,2,0,"['Mark Dacascos_Lacey Schwimmer_9', 'Michael Irvin_Anna Demidova_9']","['Mark Dacascos_Lacey Schwimmer_9', 'Michael Irvin_Anna Demidova_9']",0.0,0.0,2,2
9_8,9,8,5,1,0,['Aaron Carter_Karina Smirnoff_9'],['Aaron Carter_Karina Smirnoff_9'],-0.25,-0.25,1,1
9_9,9,9,4,1,1,['Donny Osmond_Kym Johnson_9'],['Joanna Krupa_Derek Hough_9'],0.6666666666666666,-0.6666666666666666,0,1
